1,Lynde,McNully,3,statefarm
2,Dale,Shaver,4,farmers
3,Elsie,Docilla,4,farmers
4,Jillayne,Boycey,2,allstate
5,Larine,Stelle,2,bluecross
6,Aimil,Estella,2,bluecross
7,Nita,Anselmi,2,statefarm
8,Dede,Shuler,4,farmers
9,Trudie,Hirsch,1,bluecross
10,Sadie,Xerxes,4,allstate
11,Maud,Faria,1,statefarm
11,Maud,Faria,2,statefarm
11,Maud,Faria,3,statefarm
11,Maud,Faria,4,statefarm
12,Libbie,Janene,2,bluecross
13,Steffane,Matthew,4,farmers
14,Rosene,Reneta,4,farmers
15,Tori,Roumell,2,farmers
16,Cacilie,Nadia,3,bluecross
17,Janeczka,Cath,5,statefarm
18,Maisey,Astra,4,bluecross
19,Harmonia,Elephus,1,bluecross
20,Ronna,Cleavland,5,statefarm
21,Celestyna,Yam,1,bluecross
22,Joleen,Kenney,4,allstate
23,Madelle,Edison,1,statefarm
24,Tatiania,Vorster,2,bluecross
25,Leanna,Olympium,1,allstate
26,Brana,Elbertina,5,allstate
27,Shell,Berne,3,allstate
28,Arabel,Dom,5,farmers
29,Tera,Trace,5,allstate
30,Natka,Laurianne,3,allstate
31,Ivett,Juliet,1,bluecross
32,Augustine,Elephus,5,bluecross
33,Alleen,Dielu,5,allstate
34,Ashlee,Klemperer,4,statefarm
35,Bertine,Konyn,1,bluecross
36,Chickie,Oster,1,allstate
37,Melisent,Palocz,3,bluecross
38,Averyl,Fink,5,farmers
39,Dolli,Brotherson,5,allstate
40,Melodie,Sadowski,4,bluecross
41,Mellicent,Radu,2,farmers
42,Margarette,Tyson,1,statefarm
43,Rosanne,Ellerey,5,statefarm
44,Wanda,Meter,1,bluecross
45,Kary,Francyne,2,farmers
46,Andree,Grosz,2,bluecross
47,Kary,Malina,1,allstate
48,Heida,Edvard,2,allstate
49,Eolanda,Halsey,2,statefarm
50,Ulrike,Maisey,1,allstate
51,Flo,Ursulette,2,bluecross
52,Carly,Meli,1,bluecross
53,Modestia,Yorick,5,statefarm
54,Dyann,Andrel,4,statefarm
55,Thalia,Havens,4,bluecross
56,Joane,Melleta,4,bluecross
57,Lyssa,Primalia,1,bluecross
58,June,Serilda,4,bluecross
59,Charmaine,Tippets,4,farmers
60,Marjie,Byrne,5,allstate
61,Sara-Ann,Selway,4,farmers
62,Celisse,Aaberg,5,statefarm
63,Margarette,Skell,4,bluecross
64,Natka,Eliathas,1,statefarm
65,Nessie,Giff,5,bluecross
66,Randa,Maxi,3,bluecross
67,Shell,Katrine,4,bluecross
68,Maridel,Stoller,4,allstate
69,Alejandra,Wandie,2,farmers
70,Amii,Aloise,4,bluecross
71,Nananne,Kathie,5,bluecross
72,Ginnie,Hourigan,4,statefarm
73,Jan,Darrell,5,bluecross
74,Jeanna,Barbey,3,farmers
75,Monika,Ardeha,3,bluecross
76,Laurene,Brian,2,statefarm
77,Ardenia,Paine,4,allstate
78,Zaria,Wesle,1,bluecross
79,Gavrielle,Callista,5,statefarm
80,Ketti,Mich,4,allstate
81,Augustine,Erlandson,5,farmers
82,Layla,Ochs,5,statefarm
83,Lily,Nedrud,3,bluecross
84,Kayla,Schonfeld,1,farmers
85,Maridel,Ariella,5,farmers
86,Shaine,Podvin,2,bluecross
87,Maisey,Flyn,3,allstate
88,Ermengarde,Sophronia,2,bluecross
89,Barbara,Hermes,3,statefarm
90,Ermengarde,Thilda,5,farmers
91,Charissa,Persse,3,allstate
92,Modestia,Kesley,1,bluecross
93,Marline,Blake,2,bluecross
94,Malina,Milson,5,allstate
95,Dari,Elvyn,4,allstate
96,Ninnetta,Durware,5,allstate
97,Dianemarie,Ackerley,2,farmers
98,Damaris,Braun,3,allstate
99,Jasmina,Robertson,1,farmers
100,Rosabelle,Leifeste,3,allstate